h_b_pt_lead,h_l_pt,h_lbar_pt,h_l_pt_lead,h_l_pt_trail,h_l_eta,h_lbar_eta,h_l_eta_lead,h_l_eta_trail,h_ll_pt,h_ll_m,h_l_abs_diff_phi,h_l_diff_abs_eta,h_b_pt_lead,h_b_pt_trail,h_b_eta_lead,h_b_eta_trail,h_bb_pt,h_bb_m,
719.435,20.537,308.296,308.296,20.537,-2.06404,-1.37838,-1.37838,-2.06404,288.655,167.046,2.85494,0.685664,719.435,61.2945,-0.595123,-0.302268,674.901,397.755,
236.608,42.6448,40.3555,42.6448,40.3555,-1.34276,1.66567,-1.34276,1.66567,61.5935,186.003,1.46992,-0.322908,236.608,178.879,-2.12787,1.12368,61.3882,1085.92,
92.9345,148.638,385.703,385.703,148.638,0.689943,-0.99322,-0.99322,0.689943,238.779,658.087,3.02225,-0.303276,92.9345,78.7075,-0.392646,0.150188,39.1545,173.868,
187.703,77.1687,123.35,123.35,77.1687,1.14282,-0.665515,-0.665515,1.14282,46.2344,280.464,3.16425,0.477302,187.703,160.424,2.15766,-0.881166,82.5796,827.34,
198.383,256.966,181.596,256.966,181.596,-0.975261,0.864928,-0.975261,0.864928,78.9734,627.741,3.25081,0.110333,198.383,122.816,-1.49893,0.77226,94.6256,533.136,
322.174,295.397,82.9282,295.397,82.9282,0.472066,-0.188506,0.472066,-0.188506,220.66,324.842,2.75868,0.28356,322.174,62.0303,-0.506716,0.177839,276.411,284.832,
285.72,170.896,68.2133,170.896,68.2133,-1.3169,1.05784,-1.3169,1.05784,105.894,386.039,3.38188,0.259056,285.72,177.942,0.300132,-0.924811,146.674,529.035,
422.123,117.986,38.0074,117.986,38.0074,-1.47455,-1.44125,-1.47455,-1.44125,97.5783,121.727,4.00273,0.0333064,422.123,128.682,-1.61649,-1.34324,308.729,460.763,
154.238,118.317,117.04,118.317,117.04,1.41397,-1.04346,1.41397,-1.04346,62.4167,432.04,2.60488,0.370518,154.238,118.141,1.32174,-1.3594,126.986,537.617,
257.617,33.8494,23.0676,33.8494,23.0676,-2.30995,1.37203,-2.30995,1.37203,12.6604,180.431,2.90355,0.937926,257.617,103.224,-1.62572,1.20906,180.231,706.41,
547.051,23.4596,36.9108,36.9108,23.4596,-0.25147,-1.04129,-1.04129,-0.25147,42.2976,49.2381,1.64227,-0.789818,547.051,384.333,-0.276135,-0.48056,168.991,920.776,
318.91,122.95,240.249,240.249,122.95,-1.00689,1.83573,1.83573,-1.00689,149.938,747.648,3.69191,-0.828844,318.91,159.306,-0.968438,1.63926,203.089,882.597,
323.745,227.405,104.122,227.405,104.122,-0.51868,1.24419,-0.51868,1.24419,134.095,432.037,3.48611,-0.725511,323.745,84.0607,1.22065,-1.25183,239.686,615.958,
230.763,105.798,222.713,222.713,105.798,1.15585,-0.105448,-0.105448,1.15585,169.765,349.034,3.96668,1.0504,230.763,75.42,-1.93551,-0.298467,218.713,322.852,
